plant,customer,distance,locations
plant_1,customer_1,843.18,"[-97.400281, 33.119504]"
plant_1,customer_2,1252.82,"[-104.146281, 34.045009]"
plant_1,customer_4,227.88,"[-86.024723, 33.64755]"
plant_1,customer_5,1304.46,"[-104.642711, 32.647087]"
plant_1,customer_10,233.33,"[-81.36037, 36.622746]"
plant_1,customer_14,901.05,"[-98.399894, 33.51573]"
plant_1,customer_15,510.35,"[-77.695401, 38.979039]"
plant_1,customer_21,655.06,"[-94.272464, 33.879494]"
plant_1,customer_24,625.57,"[-85.393407, 43.555699]"
plant_1,customer_26,245.81,"[-88.470236, 35.887553]"
plant_1,customer_27,189.95,"[-85.306892, 34.05084]"
plant_1,customer_28,48.48,"[-84.385289, 36.603522]"
plant_1,customer_31,510.63,"[-91.070835, 33.294127]"
plant_1,customer_33,279.02,"[-89.146373, 35.576094]"
plant_1,customer_42,918.4,"[-98.985873, 34.036948]"
plant_1,customer_44,307.62,"[-88.339312, 34.56966]"
plant_1,customer_45,140.05,"[-85.3432, 34.674826]"
plant_1,customer_49,199.77,"[-86.15226, 34.385553]"
plant_1,customer_51,512.76,"[-79.380349, 40.028771]"
plant_1,customer_52,513.31,"[-79.875215, 40.158978]"
plant_1,customer_55,82.7,"[-83.641023, 35.814402]"
plant_1,customer_61,595.32,"[-93.824881, 34.072716]"
plant_1,customer_65,1193.75,"[-102.589507, 33.911307]"
plant_1,customer_67,1050.8,"[-100.85088, 32.629017]"
plant_1,customer_68,344.73,"[-88.004147, 33.014059]"
plant_1,customer_71,570.23,"[-93.38638, 34.016592]"
plant_1,customer_74,351.41,"[-89.813252, 36.701256]"
plant_1,customer_78,1082.2,"[-101.13903, 34.352121]"
plant_1,customer_80,615.14,"[-94.282043, 34.307716]"
plant_1,customer_82,556.52,"[-91.48747, 32.820359]"
plant_1,customer_86,137.32,"[-84.966037, 34.754311]"
plant_1,customer_87,286.75,"[-87.481247, 34.346046]"
plant_1,customer_88,766.62,"[-96.375459, 33.061658]"
plant_1,customer_90,213.19,"[-87.599853, 36.929183]"
plant_1,customer_92,236.48,"[-88.057566, 36.699237]"
plant_1,customer_97,612.46,"[-94.150853, 34.162888]"
plant_1,customer_100,356.94,"[-88.143854, 32.701764]"
plant_1,customer_101,161.65,"[-85.26517, 34.427289]"
plant_1,customer_103,82.45,"[-83.637411, 36.183039]"
plant_1,customer_106,831.3,"[-88.965577, 45.709573]"
plant_1,customer_107,212.11,"[-81.644252, 36.618928]"
plant_1,customer_108,230.26,"[-82.728105, 37.998574]"
plant_1,customer_111,528.51,"[-92.679021, 34.281537]"
plant_1,customer_117,324.95,"[-89.209225, 36.494944]"
plant_1,customer_124,639.86,"[-93.073687, 32.774364]"
plant_1,customer_127,329.44,"[-80.419321, 37.7234]"
plant_1,customer_128,259.06,"[-81.066481, 37.150221]"
plant_1,customer_135,517.31,"[-83.2732, 42.551081]"
plant_1,customer_139,682.52,"[-93.023093, 32.203119]"
plant_1,customer_142,181.82,"[-82.429427, 35.618511]"
plant_1,customer_144,439.9,"[-89.755509, 33.914063]"
plant_1,customer_146,607.21,"[-93.274745, 33.41125]"
plant_1,customer_147,665.69,"[-92.446974, 32.058432]"
plant_1,customer_148,1153.48,"[-102.498932, 32.405262]"
plant_1,customer_149,633.75,"[-93.264086, 33.107796]"
plant_1,customer_150,417.0,"[-90.988379, 35.527373]"
plant_1,customer_151,354.34,"[-89.747728, 36.481716]"
plant_1,customer_154,1066.03,"[-100.989135, 32.789566]"
plant_1,customer_159,617.23,"[-93.967264, 35.63687]"
plant_1,customer_161,607.66,"[-94.192765, 34.322428]"
plant_1,customer_162,399.93,"[-88.894124, 33.520435]"
plant_1,customer_164,216.77,"[-85.719681, 33.88894]"
plant_1,customer_166,517.07,"[-77.623197, 39.343855]"
plant_1,customer_169,260.43,"[-87.025061, 34.36266]"
plant_1,customer_172,225.71,"[-87.28252, 35.039849]"
plant_1,customer_173,1201.14,"[-102.731391, 33.068569]"
plant_1,customer_176,249.77,"[-82.222238, 37.85643]"
plant_1,customer_177,887.56,"[-98.333462, 33.334719]"
plant_1,customer_178,147.9,"[-86.492109, 36.919549]"
plant_1,customer_179,293.09,"[-86.2689, 32.778382]"
plant_1,customer_180,287.21,"[-88.955489, 36.180572]"
plant_1,customer_183,1077.2,"[-101.556273, 33.621196]"
plant_1,customer_185,705.85,"[-94.201025, 32.425089]"
plant_1,customer_191,834.45,"[-97.050624, 32.339706]"
plant_1,customer_193,334.84,"[-87.850058, 32.914681]"
plant_1,customer_194,270.12,"[-88.478646, 36.248479]"
plant_1,customer_195,530.19,"[-79.467811, 40.371319]"
plant_1,customer_196,290.01,"[-88.931807, 36.035077]"
plant_1,customer_202,945.93,"[-99.164474, 34.392414]"
plant_1,customer_206,734.32,"[-95.552292, 32.872611]"
plant_1,customer_207,561.72,"[-91.562084, 32.825533]"
plant_1,customer_211,1118.1,"[-101.658174, 32.624494]"
plant_1,customer_216,516.12,"[-80.622259, 40.646771]"
plant_1,customer_217,992.63,"[-99.905346, 32.622764]"
plant_1,customer_218,497.48,"[-90.235788, 33.466932]"
plant_1,customer_220,1241.17,"[-103.506459, 33.512406]"
plant_1,customer_221,446.74,"[-89.19509, 32.136275]"
plant_1,customer_223,525.65,"[-90.262907, 32.765704]"
plant_1,customer_227,431.15,"[-89.766549, 34.070688]"
plant_1,customer_231,470.0,"[-78.252587, 39.035022]"
plant_1,customer_235,852.78,"[-97.523495, 32.917792]"
plant_1,customer_241,610.43,"[-91.797593, 32.182866]"
plant_1,customer_246,382.19,"[-88.609779, 33.324347]"
plant_1,customer_247,510.57,"[-79.714641, 40.14654]"
plant_1,customer_248,685.96,"[-94.719732, 32.824375]"
plant_2,customer_1,1219.43,"[-97.400281, 33.119504]"
plant_2,customer_2,1479.09,"[-104.146281, 34.045009]"
plant_2,customer_4,754.68,"[-86.024723, 33.64755]"
plant_2,customer_5,1576.51,"[-104.642711, 32.647087]"
plant_2,customer_10,557.04,"[-81.36037, 36.622746]"
plant_2,customer_14,1207.63,"[-98.399894, 33.51573]"
plant_2,customer_15,509.07,"[-77.695401, 38.979039]"
plant_2,customer_21,1055.48,"[-94.272464, 33.879494]"
plant_2,customer_24,213.14,"[-85.393407, 43.555699]"
plant_2,customer_26,665.74,"[-88.470236, 35.887553]"
plant_2,customer_27,716.73,"[-85.306892, 34.05084]"
plant_2,customer_28,480.3,"[-84.385289, 36.603522]"
plant_2,customer_31,916.28,"[-91.070835, 33.294127]"
plant_2,customer_33,698.94,"[-89.146373, 35.576094]"
plant_2,customer_42,1199.44,"[-98.985873, 34.036948]"
plant_2,customer_44,738.56,"[-88.339312, 34.56966]"
plant_2,customer_45,660.13,"[-85.3432, 34.674826]"
plant_2,customer_49,712.94,"[-86.15226, 34.385553]"
plant_2,customer_51,354.5,"[-79.380349, 40.028771]"
plant_2,customer_52,349.18,"[-79.875215, 40.158978]"
plant_2,customer_55,553.5,"[-83.641023, 35.814402]"
plant_2,customer_61,995.73,"[-93.824881, 34.072716]"
plant_2,customer_65,1420.03,"[-102.589507, 33.911307]"
plant_2,customer_67,1363.79,"[-100.85088, 32.629017]"
plant_2,customer_68,833.0,"[-88.004147, 33.014059]"
plant_2,customer_71,970.65,"[-93.38638, 34.016592]"
plant_2,customer_74,645.31,"[-89.813252, 36.701256]"
plant_2,customer_78,1308.47,"[-101.13903, 34.352121]"
plant_2,customer_80,1015.56,"[-94.282043, 34.307716]"
plant_2,customer_82,962.17,"[-91.48747, 32.820359]"
plant_2,customer_86,643.07,"[-84.966037, 34.754311]"
plant_2,customer_87,714.31,"[-87.481247, 34.346046]"
plant_2,customer_88,1167.04,"[-96.375459, 33.061658]"
plant_2,customer_90,555.45,"[-87.599853, 36.929183]"
plant_2,customer_92,590.24,"[-88.057566, 36.699237]"
plant_2,customer_97,1012.88,"[-94.150853, 34.162888]"
plant_2,customer_100,845.21,"[-88.143854, 32.701764]"
plant_2,customer_101,681.74,"[-85.26517, 34.427289]"
plant_2,customer_103,544.04,"[-83.637411, 36.183039]"
plant_2,customer_106,564.28,"[-88.965577, 45.709573]"
plant_2,customer_107,563.99,"[-81.644252, 36.618928]"
plant_2,customer_108,387.96,"[-82.728105, 37.998574]"
plant_2,customer_111,928.93,"[-92.679021, 34.281537]"
plant_2,customer_117,654.43,"[-89.209225, 36.494944]"
plant_2,customer_124,1040.27,"[-93.073687, 32.774364]"
plant_2,customer_127,503.33,"[-80.419321, 37.7234]"
plant_2,customer_128,500.71,"[-81.066481, 37.150221]"
plant_2,customer_135,43.27,"[-83.2732, 42.551081]"
plant_2,customer_139,1090.86,"[-93.023093, 32.203119]"
plant_2,customer_142,651.6,"[-82.429427, 35.618511]"
plant_2,customer_144,859.82,"[-89.755509, 33.914063]"
plant_2,customer_146,1007.63,"[-93.274745, 33.41125]"
plant_2,customer_147,1096.69,"[-92.446974, 32.058432]"
plant_2,customer_148,1489.65,"[-102.498932, 32.405262]"
plant_2,customer_149,1034.16,"[-93.264086, 33.107796]"
plant_2,customer_150,784.76,"[-90.988379, 35.527373]"
plant_2,customer_151,655.79,"[-89.747728, 36.481716]"
plant_2,customer_154,1371.48,"[-100.989135, 32.789566]"
plant_2,customer_159,904.58,"[-93.967264, 35.63687]"
plant_2,customer_161,1008.08,"[-94.192765, 34.322428]"
plant_2,customer_162,837.52,"[-88.894124, 33.520435]"
plant_2,customer_164,743.57,"[-85.719681, 33.88894]"
plant_2,customer_166,506.17,"[-77.623197, 39.343855]"
plant_2,customer_169,688.0,"[-87.025061, 34.36266]"
plant_2,customer_172,653.28,"[-87.28252, 35.039849]"
plant_2,customer_173,1457.45,"[-102.731391, 33.068569]"
plant_2,customer_176,429.75,"[-82.222238, 37.85643]"
plant_2,customer_177,1220.3,"[-98.333462, 33.334719]"
plant_2,customer_178,501.83,"[-86.492109, 36.919549]"
plant_2,customer_179,822.91,"[-86.2689, 32.778382]"
plant_2,customer_180,661.58,"[-88.955489, 36.180572]"
plant_2,customer_183,1365.69,"[-101.556273, 33.621196]"
plant_2,customer_185,1106.27,"[-94.201025, 32.425089]"
plant_2,customer_191,1234.86,"[-97.050624, 32.339706]"
plant_2,customer_193,823.12,"[-87.850058, 32.914681]"
plant_2,customer_194,643.69,"[-88.478646, 36.248479]"
plant_2,customer_195,338.44,"[-79.467811, 40.371319]"
plant_2,customer_196,667.87,"[-88.931807, 36.035077]"
plant_2,customer_202,1178.0,"[-99.164474, 34.392414]"
plant_2,customer_206,1134.74,"[-95.552292, 32.872611]"
plant_2,customer_207,967.37,"[-91.562084, 32.825533]"
plant_2,customer_211,1461.42,"[-101.658174, 32.624494]"
plant_2,customer_216,275.53,"[-80.622259, 40.646771]"
plant_2,customer_217,1311.71,"[-99.905346, 32.622764]"
plant_2,customer_218,917.4,"[-90.235788, 33.466932]"
plant_2,customer_220,1469.32,"[-103.506459, 33.512406]"
plant_2,customer_221,935.01,"[-89.19509, 32.136275]"
plant_2,customer_223,945.58,"[-90.262907, 32.765704]"
plant_2,customer_227,851.07,"[-89.766549, 34.070688]"
plant_2,customer_231,489.76,"[-78.252587, 39.035022]"
plant_2,customer_235,1253.19,"[-97.523495, 32.917792]"
plant_2,customer_241,1017.35,"[-91.797593, 32.182866]"
plant_2,customer_246,835.58,"[-88.609779, 33.324347]"
plant_2,customer_247,343.98,"[-79.714641, 40.14654]"
plant_2,customer_248,1086.38,"[-94.719732, 32.824375]"
plant_3,customer_1,426.32,"[-97.400281, 33.119504]"
plant_3,customer_2,867.92,"[-104.146281, 34.045009]"
plant_3,customer_4,371.36,"[-86.024723, 33.64755]"
plant_3,customer_5,887.6,"[-104.642711, 32.647087]"
plant_3,customer_10,702.87,"[-81.36037, 36.622746]"
plant_3,customer_14,484.19,"[-98.399894, 33.51573]"
plant_3,customer_15,979.89,"[-77.695401, 38.979039]"
plant_3,customer_21,238.2,"[-94.272464, 33.879494]"
plant_3,customer_24,839.04,"[-85.393407, 43.555699]"
plant_3,customer_26,248.87,"[-88.470236, 35.887553]"
plant_3,customer_27,433.77,"[-85.306892, 34.05084]"
plant_3,customer_28,524.79,"[-84.385289, 36.603522]"
plant_3,customer_31,91.14,"[-91.070835, 33.294127]"
plant_3,customer_33,208.07,"[-89.146373, 35.576094]"
plant_3,customer_42,501.54,"[-98.985873, 34.036948]"
plant_3,customer_44,239.51,"[-88.339312, 34.56966]"
plant_3,customer_45,425.74,"[-85.3432, 34.674826]"
plant_3,customer_49,367.08,"[-86.15226, 34.385553]"
plant_3,customer_51,937.55,"[-79.380349, 40.028771]"
plant_3,customer_52,915.22,"[-79.875215, 40.158978]"
plant_3,customer_55,552.24,"[-83.641023, 35.814402]"
plant_3,customer_61,178.46,"[-93.824881, 34.072716]"
plant_3,customer_65,775.34,"[-102.589507, 33.911307]"
plant_3,customer_67,633.94,"[-100.85088, 32.629017]"
plant_3,customer_68,304.02,"[-88.004147, 33.014059]"
plant_3,customer_71,153.37,"[-93.38638, 34.016592]"
plant_3,customer_74,251.55,"[-89.813252, 36.701256]"
plant_3,customer_78,697.31,"[-101.13903, 34.352121]"
plant_3,customer_80,202.47,"[-94.282043, 34.307716]"
plant_3,customer_82,115.53,"[-91.48747, 32.820359]"
plant_3,customer_86,456.37,"[-84.966037, 34.754311]"
plant_3,customer_87,277.57,"[-87.481247, 34.346046]"
plant_3,customer_88,349.76,"[-96.375459, 33.061658]"
plant_3,customer_90,353.85,"[-87.599853, 36.929183]"
plant_3,customer_92,328.76,"[-88.057566, 36.699237]"
plant_3,customer_97,199.79,"[-94.150853, 34.162888]"
plant_3,customer_100,336.55,"[-88.143854, 32.701764]"
plant_3,customer_101,424.67,"[-85.26517, 34.427289]"
plant_3,customer_103,551.99,"[-83.637411, 36.183039]"
plant_3,customer_106,983.28,"[-88.965577, 45.709573]"
plant_3,customer_107,681.65,"[-81.644252, 36.618928]"
plant_3,customer_108,693.67,"[-82.728105, 37.998574]"
plant_3,customer_111,93.98,"[-92.679021, 34.281537]"
plant_3,customer_117,263.26,"[-89.209225, 36.494944]"
plant_3,customer_124,193.47,"[-93.073687, 32.774364]"
plant_3,customer_127,798.97,"[-80.419321, 37.7234]"
plant_3,customer_128,728.6,"[-81.066481, 37.150221]"
plant_3,customer_135,874.53,"[-83.2732, 42.551081]"
plant_3,customer_139,228.1,"[-93.023093, 32.203119]"
plant_3,customer_142,651.35,"[-82.429427, 35.618511]"
plant_3,customer_144,149.76,"[-89.755509, 33.914063]"
plant_3,customer_146,158.37,"[-93.274745, 33.41125]"
plant_3,customer_147,211.11,"[-92.446974, 32.058432]"
plant_3,customer_148,736.62,"[-102.498932, 32.405262]"
plant_3,customer_149,171.06,"[-93.264086, 33.107796]"
plant_3,customer_150,106.03,"[-90.988379, 35.527373]"
plant_3,customer_151,226.25,"[-89.747728, 36.481716]"
plant_3,customer_154,649.16,"[-100.989135, 32.789566]"
plant_3,customer_159,232.34,"[-93.967264, 35.63687]"
plant_3,customer_161,194.99,"[-94.192765, 34.322428]"
plant_3,customer_162,228.07,"[-88.894124, 33.520435]"
plant_3,customer_164,400.92,"[-85.719681, 33.88894]"
plant_3,customer_166,986.6,"[-77.623197, 39.343855]"
plant_3,customer_169,305.19,"[-87.025061, 34.36266]"
plant_3,customer_172,315.76,"[-87.28252, 35.039849]"
plant_3,customer_173,784.28,"[-102.731391, 33.068569]"
plant_3,customer_176,706.08,"[-82.222238, 37.85643]"
plant_3,customer_177,470.7,"[-98.333462, 33.334719]"
plant_3,customer_178,410.41,"[-86.492109, 36.919549]"
plant_3,customer_179,397.05,"[-86.2689, 32.778382]"
plant_3,customer_180,261.82,"[-88.955489, 36.180572]"
plant_3,customer_183,660.34,"[-101.556273, 33.621196]"
plant_3,customer_185,288.99,"[-94.201025, 32.425089]"
plant_3,customer_191,417.58,"[-97.050624, 32.339706]"
plant_3,customer_193,318.74,"[-87.850058, 32.914681]"
plant_3,customer_194,270.45,"[-88.478646, 36.248479]"
plant_3,customer_195,954.97,"[-79.467811, 40.371319]"
plant_3,customer_196,248.43,"[-88.931807, 36.035077]"
plant_3,customer_202,561.04,"[-99.164474, 34.392414]"
plant_3,customer_206,317.46,"[-95.552292, 32.872611]"
plant_3,customer_207,120.72,"[-91.562084, 32.825533]"
plant_3,customer_211,701.24,"[-101.658174, 32.624494]"
plant_3,customer_216,900.26,"[-80.622259, 40.646771]"
plant_3,customer_217,575.76,"[-99.905346, 32.622764]"
plant_3,customer_218,146.5,"[-90.235788, 33.466932]"
plant_3,customer_220,824.31,"[-103.506459, 33.512406]"
plant_3,customer_221,288.03,"[-89.19509, 32.136275]"
plant_3,customer_223,170.57,"[-90.262907, 32.765704]"
plant_3,customer_227,141.0,"[-89.766549, 34.070688]"
plant_3,customer_231,939.54,"[-78.252587, 39.035022]"
plant_3,customer_235,435.92,"[-97.523495, 32.917792]"
plant_3,customer_241,164.82,"[-91.797593, 32.182866]"
plant_3,customer_246,255.14,"[-88.609779, 33.324347]"
plant_3,customer_247,935.36,"[-79.714641, 40.14654]"
plant_3,customer_248,269.1,"[-94.719732, 32.824375]"
plant_4,customer_1,310.16,"[-97.400281, 33.119504]"
plant_4,customer_2,789.4,"[-104.146281, 34.045009]"
plant_4,customer_4,454.73,"[-86.024723, 33.64755]"
plant_4,customer_5,769.9,"[-104.642711, 32.647087]"
plant_4,customer_10,837.01,"[-81.36037, 36.622746]"
plant_4,customer_14,383.17,"[-98.399894, 33.51573]"
plant_4,customer_15,1114.03,"[-77.695401, 38.979039]"
plant_4,customer_21,151.21,"[-94.272464, 33.879494]"
plant_4,customer_24,1004.28,"[-85.393407, 43.555699]"
plant_4,customer_26,406.81,"[-88.470236, 35.887553]"
plant_4,customer_27,520.88,"[-85.306892, 34.05084]"
plant_4,customer_28,699.78,"[-84.385289, 36.603522]"
plant_4,customer_31,148.01,"[-91.070835, 33.294127]"
plant_4,customer_33,366.01,"[-89.146373, 35.576094]"
plant_4,customer_42,429.49,"[-98.985873, 34.036948]"
plant_4,customer_44,383.52,"[-88.339312, 34.56966]"
plant_4,customer_45,546.58,"[-85.3432, 34.674826]"
plant_4,customer_49,494.64,"[-86.15226, 34.385553]"
plant_4,customer_51,1095.49,"[-79.380349, 40.028771]"
plant_4,customer_52,1073.16,"[-79.875215, 40.158978]"
plant_4,customer_55,686.38,"[-83.641023, 35.814402]"
plant_4,customer_61,142.1,"[-93.824881, 34.072716]"
plant_4,customer_65,657.64,"[-102.589507, 33.911307]"
plant_4,customer_67,516.24,"[-100.85088, 32.629017]"
plant_4,customer_68,339.45,"[-88.004147, 33.014059]"
plant_4,customer_71,131.1,"[-93.38638, 34.016592]"
plant_4,customer_74,402.18,"[-89.813252, 36.701256]"
plant_4,customer_78,567.8,"[-101.13903, 34.352121]"
plant_4,customer_80,186.13,"[-94.282043, 34.307716]"
plant_4,customer_82,104.35,"[-91.48747, 32.820359]"
plant_4,customer_86,583.64,"[-84.966037, 34.754311]"
plant_4,customer_87,442.97,"[-87.481247, 34.346046]"
plant_4,customer_88,260.84,"[-96.375459, 33.061658]"
plant_4,customer_90,511.79,"[-87.599853, 36.929183]"
plant_4,customer_92,486.7,"[-88.057566, 36.699237]"
plant_4,customer_97,168.43,"[-94.150853, 34.162888]"
plant_4,customer_100,301.6,"[-88.143854, 32.701764]"
plant_4,customer_101,526.49,"[-85.26517, 34.427289]"
plant_4,customer_103,686.13,"[-83.637411, 36.183039]"
plant_4,customer_106,1094.38,"[-88.965577, 45.709573]"
plant_4,customer_107,815.79,"[-81.644252, 36.618928]"
plant_4,customer_108,851.61,"[-82.728105, 37.998574]"
plant_4,customer_111,144.57,"[-92.679021, 34.281537]"
plant_4,customer_117,428.49,"[-89.209225, 36.494944]"
plant_4,customer_124,22.77,"[-93.073687, 32.774364]"
plant_4,customer_127,933.11,"[-80.419321, 37.7234]"
plant_4,customer_128,862.74,"[-81.066481, 37.150221]"
plant_4,customer_135,1039.77,"[-83.2732, 42.551081]"
plant_4,customer_139,51.22,"[-93.023093, 32.203119]"
plant_4,customer_142,767.09,"[-82.429427, 35.618511]"
plant_4,customer_144,289.83,"[-89.755509, 33.914063]"
plant_4,customer_146,67.74,"[-93.274745, 33.41125]"
plant_4,customer_147,69.46,"[-92.446974, 32.058432]"
plant_4,customer_148,618.92,"[-102.498932, 32.405262]"
plant_4,customer_149,48.15,"[-93.264086, 33.107796]"
plant_4,customer_150,262.53,"[-90.988379, 35.527373]"
plant_4,customer_151,391.49,"[-89.747728, 36.481716]"
plant_4,customer_154,531.46,"[-100.989135, 32.789566]"
plant_4,customer_159,305.07,"[-93.967264, 35.63687]"
plant_4,customer_161,192.49,"[-94.192765, 34.322428]"
plant_4,customer_162,304.27,"[-88.894124, 33.520435]"
plant_4,customer_164,484.29,"[-85.719681, 33.88894]"
plant_4,customer_166,1120.74,"[-77.623197, 39.343855]"
plant_4,customer_169,467.78,"[-87.025061, 34.36266]"
plant_4,customer_172,483.37,"[-87.28252, 35.039849]"
plant_4,customer_173,666.58,"[-102.731391, 33.068569]"
plant_4,customer_176,864.02,"[-82.222238, 37.85643]"
plant_4,customer_177,369.67,"[-98.333462, 33.334719]"
plant_4,customer_178,568.35,"[-86.492109, 36.919549]"
plant_4,customer_179,450.94,"[-86.2689, 32.778382]"
plant_4,customer_180,419.59,"[-88.955489, 36.180572]"
plant_4,customer_183,588.29,"[-101.556273, 33.621196]"
plant_4,customer_185,112.31,"[-94.201025, 32.425089]"
plant_4,customer_191,293.55,"[-97.050624, 32.339706]"
plant_4,customer_193,325.58,"[-87.850058, 32.914681]"
plant_4,customer_194,428.39,"[-88.478646, 36.248479]"
plant_4,customer_195,1112.91,"[-79.467811, 40.371319]"
plant_4,customer_196,406.37,"[-88.931807, 36.035077]"
plant_4,customer_202,467.25,"[-99.164474, 34.392414]"
plant_4,customer_206,206.8,"[-95.552292, 32.872611]"
plant_4,customer_207,101.62,"[-91.562084, 32.825533]"
plant_4,customer_211,583.54,"[-101.658174, 32.624494]"
plant_4,customer_216,1058.2,"[-80.622259, 40.646771]"
plant_4,customer_217,458.06,"[-99.905346, 32.622764]"
plant_4,customer_218,203.37,"[-90.235788, 33.466932]"
plant_4,customer_220,706.61,"[-103.506459, 33.512406]"
plant_4,customer_221,253.08,"[-89.19509, 32.136275]"
plant_4,customer_223,195.04,"[-90.262907, 32.765704]"
plant_4,customer_227,304.55,"[-89.766549, 34.070688]"
plant_4,customer_231,1073.68,"[-78.252587, 39.035022]"
plant_4,customer_235,315.33,"[-97.523495, 32.917792]"
plant_4,customer_241,95.74,"[-91.797593, 32.182866]"
plant_4,customer_246,313.68,"[-88.609779, 33.324347]"
plant_4,customer_247,1093.3,"[-79.714641, 40.14654]"
plant_4,customer_248,157.62,"[-94.719732, 32.824375]"
plant_5,customer_1,160.12,"[-97.400281, 33.119504]"
plant_5,customer_2,410.51,"[-104.146281, 34.045009]"
plant_5,customer_4,830.5,"[-86.024723, 33.64755]"
plant_5,customer_5,491.68,"[-104.642711, 32.647087]"
plant_5,customer_10,1111.2,"[-81.36037, 36.622746]"
plant_5,customer_14,101.91,"[-98.399894, 33.51573]"
plant_5,customer_15,1388.22,"[-77.695401, 38.979039]"
plant_5,customer_21,369.85,"[-94.272464, 33.879494]"
plant_5,customer_24,1084.05,"[-85.393407, 43.555699]"
plant_5,customer_26,657.21,"[-88.470236, 35.887553]"
plant_5,customer_27,892.9,"[-85.306892, 34.05084]"
plant_5,customer_28,933.13,"[-84.385289, 36.603522]"
plant_5,customer_31,559.98,"[-91.070835, 33.294127]"
plant_5,customer_33,616.41,"[-89.146373, 35.576094]"
plant_5,customer_42,93.72,"[-98.985873, 34.036948]"
plant_5,customer_44,671.79,"[-88.339312, 34.56966]"
plant_5,customer_45,904.9,"[-85.3432, 34.674826]"
plant_5,customer_49,799.36,"[-86.15226, 34.385553]"
plant_5,customer_51,1223.49,"[-79.380349, 40.028771]"
plant_5,customer_52,1186.79,"[-79.875215, 40.158978]"
plant_5,customer_55,960.57,"[-83.641023, 35.814402]"
plant_5,customer_61,392.04,"[-93.824881, 34.072716]"
plant_5,customer_65,326.5,"[-102.589507, 33.911307]"
plant_5,customer_67,258.07,"[-100.85088, 32.629017]"
plant_5,customer_68,778.06,"[-88.004147, 33.014059]"
plant_5,customer_71,403.18,"[-93.38638, 34.016592]"
plant_5,customer_74,596.37,"[-89.813252, 36.701256]"
plant_5,customer_78,191.55,"[-101.13903, 34.352121]"
plant_5,customer_80,377.71,"[-94.282043, 34.307716]"
plant_5,customer_82,542.95,"[-91.48747, 32.820359]"
plant_5,customer_86,912.5,"[-84.966037, 34.754311]"
plant_5,customer_87,736.7,"[-87.481247, 34.346046]"
plant_5,customer_88,227.99,"[-96.375459, 33.061658]"
plant_5,customer_90,731.91,"[-87.599853, 36.929183]"
plant_5,customer_92,737.1,"[-88.057566, 36.699237]"
plant_5,customer_97,375.97,"[-94.150853, 34.162888]"
plant_5,customer_100,740.21,"[-88.143854, 32.701764]"
plant_5,customer_101,856.95,"[-85.26517, 34.427289]"
plant_5,customer_103,960.32,"[-83.637411, 36.183039]"
plant_5,customer_106,1140.18,"[-88.965577, 45.709573]"
plant_5,customer_107,1089.98,"[-81.644252, 36.618928]"
plant_5,customer_108,1055.63,"[-82.728105, 37.998574]"
plant_5,customer_111,465.51,"[-92.679021, 34.281537]"
plant_5,customer_117,652.03,"[-89.209225, 36.494944]"
plant_5,customer_124,441.16,"[-93.073687, 32.774364]"
plant_5,customer_127,1215.62,"[-80.419321, 37.7234]"
plant_5,customer_128,1136.93,"[-81.066481, 37.150221]"
plant_5,customer_135,1127.94,"[-83.2732, 42.551081]"
plant_5,customer_139,462.24,"[-93.023093, 32.203119]"
plant_5,customer_142,1059.69,"[-82.429427, 35.618511]"
plant_5,customer_144,619.12,"[-89.755509, 33.914063]"
plant_5,customer_146,390.74,"[-93.274745, 33.41125]"
plant_5,customer_147,508.08,"[-92.446974, 32.058432]"
plant_5,customer_148,383.93,"[-102.498932, 32.405262]"
plant_5,customer_149,409.49,"[-93.264086, 33.107796]"
plant_5,customer_150,489.22,"[-90.988379, 35.527373]"
plant_5,customer_151,611.56,"[-89.747728, 36.481716]"
plant_5,customer_154,265.76,"[-100.989135, 32.789566]"
plant_5,customer_159,296.56,"[-93.967264, 35.63687]"
plant_5,customer_161,384.07,"[-94.192765, 34.322428]"
plant_5,customer_162,695.83,"[-88.894124, 33.520435]"
plant_5,customer_164,860.06,"[-85.719681, 33.88894]"
plant_5,customer_166,1394.94,"[-77.623197, 39.343855]"
plant_5,customer_169,737.47,"[-87.025061, 34.36266]"
plant_5,customer_172,733.77,"[-87.28252, 35.039849]"
plant_5,customer_173,351.73,"[-102.731391, 33.068569]"
plant_5,customer_176,1087.28,"[-82.222238, 37.85643]"
plant_5,customer_177,114.58,"[-98.333462, 33.334719]"
plant_5,customer_178,818.74,"[-86.492109, 36.919549]"
plant_5,customer_179,856.18,"[-86.2689, 32.778382]"
plant_5,customer_180,643.12,"[-88.955489, 36.180572]"
plant_5,customer_183,259.98,"[-101.556273, 33.621196]"
plant_5,customer_185,366.25,"[-94.201025, 32.425089]"
plant_5,customer_191,221.92,"[-97.050624, 32.339706]"
plant_5,customer_193,764.19,"[-87.850058, 32.914681]"
plant_5,customer_194,678.78,"[-88.478646, 36.248479]"
plant_5,customer_195,1216.12,"[-79.467811, 40.371319]"
plant_5,customer_196,656.76,"[-88.931807, 36.035077]"
plant_5,customer_202,72.28,"[-99.164474, 34.392414]"
plant_5,customer_206,282.03,"[-95.552292, 32.872611]"
plant_5,customer_207,540.23,"[-91.562084, 32.825533]"
plant_5,customer_211,355.7,"[-101.658174, 32.624494]"
plant_5,customer_216,1171.83,"[-80.622259, 40.646771]"
plant_5,customer_217,205.99,"[-99.905346, 32.622764]"
plant_5,customer_218,615.34,"[-90.235788, 33.466932]"
plant_5,customer_220,378.39,"[-103.506459, 33.512406]"
plant_5,customer_221,691.69,"[-89.19509, 32.136275]"
plant_5,customer_223,633.65,"[-90.262907, 32.765704]"
plant_5,customer_227,610.37,"[-89.766549, 34.070688]"
plant_5,customer_231,1347.87,"[-78.252587, 39.035022]"
plant_5,customer_235,166.45,"[-97.523495, 32.917792]"
plant_5,customer_241,534.34,"[-91.797593, 32.182866]"
plant_5,customer_246,717.84,"[-88.609779, 33.324347]"
plant_5,customer_247,1196.05,"[-79.714641, 40.14654]"
plant_5,customer_248,348.42,"[-94.719732, 32.824375]"
plant_6,customer_1,127.35,"[-97.400281, 33.119504]"
plant_6,customer_2,377.48,"[-104.146281, 34.045009]"
plant_6,customer_4,853.98,"[-86.024723, 33.64755]"
plant_6,customer_5,394.89,"[-104.642711, 32.647087]"
plant_6,customer_10,1170.86,"[-81.36037, 36.622746]"
plant_6,customer_14,76.62,"[-98.399894, 33.51573]"
plant_6,customer_15,1447.88,"[-77.695401, 38.979039]"
plant_6,customer_21,369.45,"[-94.272464, 33.879494]"
plant_6,customer_24,1226.08,"[-85.393407, 43.555699]"
plant_6,customer_26,716.87,"[-88.470236, 35.887553]"
plant_6,customer_27,920.14,"[-85.306892, 34.05084]"
plant_6,customer_28,992.79,"[-84.385289, 36.603522]"
plant_6,customer_31,529.94,"[-91.070835, 33.294127]"
plant_6,customer_33,676.07,"[-89.146373, 35.576094]"
plant_6,customer_42,93.65,"[-98.985873, 34.036948]"
plant_6,customer_44,731.45,"[-88.339312, 34.56966]"
plant_6,customer_45,945.83,"[-85.3432, 34.674826]"
plant_6,customer_49,893.89,"[-86.15226, 34.385553]"
plant_6,customer_51,1365.53,"[-79.380349, 40.028771]"
plant_6,customer_52,1328.82,"[-79.875215, 40.158978]"
plant_6,customer_55,1020.23,"[-83.641023, 35.814402]"
plant_6,customer_61,388.83,"[-93.824881, 34.072716]"
plant_6,customer_65,245.72,"[-102.589507, 33.911307]"
plant_6,customer_67,127.11,"[-100.85088, 32.629017]"
plant_6,customer_68,738.7,"[-88.004147, 33.014059]"
plant_6,customer_71,396.83,"[-93.38638, 34.016592]"
plant_6,customer_74,712.02,"[-89.813252, 36.701256]"
plant_6,customer_78,203.07,"[-101.13903, 34.352121]"
plant_6,customer_80,362.93,"[-94.282043, 34.307716]"
plant_6,customer_82,503.6,"[-91.48747, 32.820359]"
plant_6,customer_86,972.17,"[-84.966037, 34.754311]"
plant_6,customer_87,796.36,"[-87.481247, 34.346046]"
plant_6,customer_88,195.13,"[-96.375459, 33.061658]"
plant_6,customer_90,821.84,"[-87.599853, 36.929183]"
plant_6,customer_92,796.76,"[-88.057566, 36.699237]"
plant_6,customer_97,361.18,"[-94.150853, 34.162888]"
plant_6,customer_100,700.85,"[-88.143854, 32.701764]"
plant_6,customer_101,925.74,"[-85.26517, 34.427289]"
plant_6,customer_103,1019.98,"[-83.637411, 36.183039]"
plant_6,customer_106,1282.21,"[-88.965577, 45.709573]"
plant_6,customer_107,1149.64,"[-81.644252, 36.618928]"
plant_6,customer_108,1161.66,"[-82.728105, 37.998574]"
plant_6,customer_111,441.95,"[-92.679021, 34.281537]"
plant_6,customer_117,738.55,"[-89.209225, 36.494944]"
plant_6,customer_124,401.8,"[-93.073687, 32.774364]"
plant_6,customer_127,1266.97,"[-80.419321, 37.7234]"
plant_6,customer_128,1196.59,"[-81.066481, 37.150221]"
plant_6,customer_135,1269.98,"[-83.2732, 42.551081]"
plant_6,customer_139,422.89,"[-93.023093, 32.203119]"
plant_6,customer_142,1119.35,"[-82.429427, 35.618511]"
plant_6,customer_144,689.08,"[-89.755509, 33.914063]"
plant_6,customer_146,384.4,"[-93.274745, 33.41125]"
plant_6,customer_147,468.72,"[-92.446974, 32.058432]"
plant_6,customer_148,243.91,"[-102.498932, 32.405262]"
plant_6,customer_149,403.14,"[-93.264086, 33.107796]"
plant_6,customer_150,572.38,"[-90.988379, 35.527373]"
plant_6,customer_151,701.55,"[-89.747728, 36.481716]"
plant_6,customer_154,134.8,"[-100.989135, 32.789566]"
plant_6,customer_159,438.59,"[-93.967264, 35.63687]"
plant_6,customer_161,369.28,"[-94.192765, 34.322428]"
plant_6,customer_162,703.53,"[-88.894124, 33.520435]"
plant_6,customer_164,883.54,"[-85.719681, 33.88894]"
plant_6,customer_166,1454.6,"[-77.623197, 39.343855]"
plant_6,customer_169,797.13,"[-87.025061, 34.36266]"
plant_6,customer_172,793.43,"[-87.28252, 35.039849]"
plant_6,customer_173,270.95,"[-102.731391, 33.068569]"
plant_6,customer_176,1174.08,"[-82.222238, 37.85643]"
plant_6,customer_177,69.52,"[-98.333462, 33.334719]"
plant_6,customer_178,878.4,"[-86.492109, 36.919549]"
plant_6,customer_179,850.19,"[-86.2689, 32.778382]"
plant_6,customer_180,729.65,"[-88.955489, 36.180572]"
plant_6,customer_183,179.2,"[-101.556273, 33.621196]"
plant_6,customer_185,326.89,"[-94.201025, 32.425089]"
plant_6,customer_191,169.87,"[-97.050624, 32.339706]"
plant_6,customer_193,724.84,"[-87.850058, 32.914681]"
plant_6,customer_194,738.44,"[-88.478646, 36.248479]"
plant_6,customer_195,1358.15,"[-79.467811, 40.371319]"
plant_6,customer_196,716.42,"[-88.931807, 36.035077]"
plant_6,customer_202,115.8,"[-99.164474, 34.392414]"
plant_6,customer_206,249.17,"[-95.552292, 32.872611]"
plant_6,customer_207,500.87,"[-91.562084, 32.825533]"
plant_6,customer_211,208.53,"[-101.658174, 32.624494]"
plant_6,customer_216,1313.86,"[-80.622259, 40.646771]"
plant_6,customer_217,75.03,"[-99.905346, 32.622764]"
plant_6,customer_218,585.3,"[-90.235788, 33.466932]"
plant_6,customer_220,297.61,"[-103.506459, 33.512406]"
plant_6,customer_221,652.33,"[-89.19509, 32.136275]"
plant_6,customer_223,594.3,"[-90.262907, 32.765704]"
plant_6,customer_227,670.03,"[-89.766549, 34.070688]"
plant_6,customer_231,1407.53,"[-78.252587, 39.035022]"
plant_6,customer_235,119.63,"[-97.523495, 32.917792]"
plant_6,customer_241,494.99,"[-91.797593, 32.182866]"
plant_6,customer_246,712.93,"[-88.609779, 33.324347]"
plant_6,customer_247,1338.08,"[-79.714641, 40.14654]"
plant_6,customer_248,309.06,"[-94.719732, 32.824375]"
plant_7,customer_1,533.69,"[-97.400281, 33.119504]"
plant_7,customer_2,943.33,"[-104.146281, 34.045009]"
plant_7,customer_4,288.3,"[-86.024723, 33.64755]"
plant_7,customer_5,994.97,"[-104.642711, 32.647087]"
plant_7,customer_10,537.99,"[-81.36037, 36.622746]"
plant_7,customer_14,591.57,"[-98.399894, 33.51573]"
plant_7,customer_15,815.01,"[-77.695401, 38.979039]"
plant_7,customer_21,345.57,"[-94.272464, 33.879494]"
plant_7,customer_24,728.98,"[-85.393407, 43.555699]"
plant_7,customer_26,84.0,"[-88.470236, 35.887553]"
plant_7,customer_27,350.7,"[-85.306892, 34.05084]"
plant_7,customer_28,359.92,"[-84.385289, 36.603522]"
plant_7,customer_31,198.29,"[-91.070835, 33.294127]"
plant_7,customer_33,43.2,"[-89.146373, 35.576094]"
plant_7,customer_42,608.91,"[-98.985873, 34.036948]"
plant_7,customer_44,122.01,"[-88.339312, 34.56966]"
plant_7,customer_45,331.69,"[-85.3432, 34.674826]"
plant_7,customer_49,249.58,"[-86.15226, 34.385553]"
plant_7,customer_51,772.67,"[-79.380349, 40.028771]"
plant_7,customer_52,750.35,"[-79.875215, 40.158978]"
plant_7,customer_55,387.36,"[-83.641023, 35.814402]"
plant_7,customer_61,285.83,"[-93.824881, 34.072716]"
plant_7,customer_65,884.26,"[-102.589507, 33.911307]"
plant_7,customer_67,741.32,"[-100.85088, 32.629017]"
plant_7,customer_68,224.53,"[-88.004147, 33.014059]"
plant_7,customer_71,260.74,"[-93.38638, 34.016592]"
plant_7,customer_74,140.1,"[-89.813252, 36.701256]"
plant_7,customer_78,772.71,"[-101.13903, 34.352121]"
plant_7,customer_80,305.65,"[-94.282043, 34.307716]"
plant_7,customer_82,244.19,"[-91.48747, 32.820359]"
plant_7,customer_86,339.3,"[-84.966037, 34.754311]"
plant_7,customer_87,181.52,"[-87.481247, 34.346046]"
plant_7,customer_88,457.13,"[-96.375459, 33.061658]"
plant_7,customer_90,188.97,"[-87.599853, 36.929183]"
plant_7,customer_92,163.89,"[-88.057566, 36.699237]"
plant_7,customer_97,302.97,"[-94.150853, 34.162888]"
plant_7,customer_100,239.41,"[-88.143854, 32.701764]"
plant_7,customer_101,307.17,"[-85.26517, 34.427289]"
plant_7,customer_103,387.11,"[-83.637411, 36.183039]"
plant_7,customer_106,871.83,"[-88.965577, 45.709573]"
plant_7,customer_107,516.77,"[-81.644252, 36.618928]"
plant_7,customer_108,528.79,"[-82.728105, 37.998574]"
plant_7,customer_111,219.02,"[-92.679021, 34.281537]"
plant_7,customer_117,111.33,"[-89.209225, 36.494944]"
plant_7,customer_124,330.37,"[-93.073687, 32.774364]"
plant_7,customer_127,634.1,"[-80.419321, 37.7234]"
plant_7,customer_128,563.73,"[-81.066481, 37.150221]"
plant_7,customer_135,736.58,"[-83.2732, 42.551081]"
plant_7,customer_139,380.95,"[-93.023093, 32.203119]"
plant_7,customer_142,486.48,"[-82.429427, 35.618511]"
plant_7,customer_144,127.56,"[-89.755509, 33.914063]"
plant_7,customer_146,297.72,"[-93.274745, 33.41125]"
plant_7,customer_147,359.94,"[-92.446974, 32.058432]"
plant_7,customer_148,843.99,"[-102.498932, 32.405262]"
plant_7,customer_149,324.26,"[-93.264086, 33.107796]"
plant_7,customer_150,107.51,"[-90.988379, 35.527373]"
plant_7,customer_151,114.8,"[-89.747728, 36.481716]"
plant_7,customer_154,756.54,"[-100.989135, 32.789566]"
plant_7,customer_159,307.74,"[-93.967264, 35.63687]"
plant_7,customer_161,298.17,"[-94.192765, 34.322428]"
plant_7,customer_162,177.6,"[-88.894124, 33.520435]"
plant_7,customer_164,317.86,"[-85.719681, 33.88894]"
plant_7,customer_166,821.73,"[-77.623197, 39.343855]"
plant_7,customer_169,187.69,"[-87.025061, 34.36266]"
plant_7,customer_172,162.43,"[-87.28252, 35.039849]"
plant_7,customer_173,891.65,"[-102.731391, 33.068569]"
plant_7,customer_176,541.21,"[-82.222238, 37.85643]"
plant_7,customer_177,578.07,"[-98.333462, 33.334719]"
plant_7,customer_178,245.53,"[-86.492109, 36.919549]"
plant_7,customer_179,313.99,"[-86.2689, 32.778382]"
plant_7,customer_180,96.95,"[-88.955489, 36.180572]"
plant_7,customer_183,767.71,"[-101.556273, 33.621196]"
plant_7,customer_185,396.36,"[-94.201025, 32.425089]"
plant_7,customer_191,524.96,"[-97.050624, 32.339706]"
plant_7,customer_193,239.25,"[-87.850058, 32.914681]"
plant_7,customer_194,105.57,"[-88.478646, 36.248479]"
plant_7,customer_195,790.1,"[-79.467811, 40.371319]"
plant_7,customer_196,83.55,"[-88.931807, 36.035077]"
plant_7,customer_202,636.44,"[-99.164474, 34.392414]"
plant_7,customer_206,424.83,"[-95.552292, 32.872611]"
plant_7,customer_207,249.38,"[-91.562084, 32.825533]"
plant_7,customer_211,808.61,"[-101.658174, 32.624494]"
plant_7,customer_216,735.39,"[-80.622259, 40.646771]"
plant_7,customer_217,683.14,"[-99.905346, 32.622764]"
plant_7,customer_218,185.14,"[-90.235788, 33.466932]"
plant_7,customer_220,931.68,"[-103.506459, 33.512406]"
plant_7,customer_221,263.17,"[-89.19509, 32.136275]"
plant_7,customer_223,213.31,"[-90.262907, 32.765704]"
plant_7,customer_227,118.81,"[-89.766549, 34.070688]"
plant_7,customer_231,774.66,"[-78.252587, 39.035022]"
plant_7,customer_235,543.29,"[-97.523495, 32.917792]"
plant_7,customer_241,356.61,"[-91.797593, 32.182866]"
plant_7,customer_246,175.65,"[-88.609779, 33.324347]"
plant_7,customer_247,770.48,"[-79.714641, 40.14654]"
plant_7,customer_248,376.47,"[-94.719732, 32.824375]"
plant_8,customer_1,223.74,"[-97.400281, 33.119504]"
plant_8,customer_2,289.32,"[-104.146281, 34.045009]"
plant_8,customer_4,956.95,"[-86.024723, 33.64755]"
plant_8,customer_5,322.74,"[-104.642711, 32.647087]"
plant_8,customer_10,1273.88,"[-81.36037, 36.622746]"
plant_8,customer_14,175.54,"[-98.399894, 33.51573]"
plant_8,customer_15,1550.9,"[-77.695401, 38.979039]"
plant_8,customer_21,420.74,"[-94.272464, 33.879494]"
plant_8,customer_24,1246.72,"[-85.393407, 43.555699]"
plant_8,customer_26,819.88,"[-88.470236, 35.887553]"
plant_8,customer_27,1023.11,"[-85.306892, 34.05084]"
plant_8,customer_28,1095.8,"[-84.385289, 36.603522]"
plant_8,customer_31,599.9,"[-91.070835, 33.294127]"
plant_8,customer_33,779.08,"[-89.146373, 35.576094]"
plant_8,customer_42,102.79,"[-98.985873, 34.036948]"
plant_8,customer_44,834.47,"[-88.339312, 34.56966]"
plant_8,customer_45,1048.8,"[-85.3432, 34.674826]"
plant_8,customer_49,996.86,"[-86.15226, 34.385553]"
plant_8,customer_51,1386.17,"[-79.380349, 40.028771]"
plant_8,customer_52,1349.46,"[-79.875215, 40.158978]"
plant_8,customer_55,1123.25,"[-83.641023, 35.814402]"
plant_8,customer_61,442.93,"[-93.824881, 34.072716]"
plant_8,customer_65,157.57,"[-102.589507, 33.911307]"
plant_8,customer_67,132.43,"[-100.85088, 32.629017]"
plant_8,customer_68,841.67,"[-88.004147, 33.014059]"
plant_8,customer_71,466.79,"[-93.38638, 34.016592]"
plant_8,customer_74,759.05,"[-89.813252, 36.701256]"
plant_8,customer_78,66.72,"[-101.13903, 34.352121]"
plant_8,customer_80,428.61,"[-94.282043, 34.307716]"
plant_8,customer_82,606.57,"[-91.48747, 32.820359]"
plant_8,customer_86,1075.18,"[-84.966037, 34.754311]"
plant_8,customer_87,899.38,"[-87.481247, 34.346046]"
plant_8,customer_88,291.61,"[-96.375459, 33.061658]"
plant_8,customer_90,894.59,"[-87.599853, 36.929183]"
plant_8,customer_92,899.77,"[-88.057566, 36.699237]"
plant_8,customer_97,426.87,"[-94.150853, 34.162888]"
plant_8,customer_100,803.82,"[-88.143854, 32.701764]"
plant_8,customer_101,1028.71,"[-85.26517, 34.427289]"
plant_8,customer_103,1123.0,"[-83.637411, 36.183039]"
plant_8,customer_106,1302.85,"[-88.965577, 45.709573]"
plant_8,customer_107,1252.66,"[-81.644252, 36.618928]"
plant_8,customer_108,1218.3,"[-82.728105, 37.998574]"
plant_8,customer_111,511.91,"[-92.679021, 34.281537]"
plant_8,customer_117,814.7,"[-89.209225, 36.494944]"
plant_8,customer_124,504.77,"[-93.073687, 32.774364]"
plant_8,customer_127,1378.3,"[-80.419321, 37.7234]"
plant_8,customer_128,1299.61,"[-81.066481, 37.150221]"
plant_8,customer_135,1290.62,"[-83.2732, 42.551081]"
plant_8,customer_139,525.86,"[-93.023093, 32.203119]"
plant_8,customer_142,1222.36,"[-82.429427, 35.618511]"
plant_8,customer_144,781.8,"[-89.755509, 33.914063]"
plant_8,customer_146,454.36,"[-93.274745, 33.41125]"
plant_8,customer_147,571.69,"[-92.446974, 32.058432]"
plant_8,customer_148,215.0,"[-102.498932, 32.405262]"
plant_8,customer_149,473.1,"[-93.264086, 33.107796]"
plant_8,customer_150,651.9,"[-90.988379, 35.527373]"
plant_8,customer_151,774.24,"[-89.747728, 36.481716]"
plant_8,customer_154,124.01,"[-100.989135, 32.789566]"
plant_8,customer_159,459.23,"[-93.967264, 35.63687]"
plant_8,customer_161,434.97,"[-94.192765, 34.322428]"
plant_8,customer_162,806.5,"[-88.894124, 33.520435]"
plant_8,customer_164,986.51,"[-85.719681, 33.88894]"
plant_8,customer_166,1557.61,"[-77.623197, 39.343855]"
plant_8,customer_169,900.14,"[-87.025061, 34.36266]"
plant_8,customer_172,896.44,"[-87.28252, 35.039849]"
plant_8,customer_173,182.79,"[-102.731391, 33.068569]"
plant_8,customer_176,1249.95,"[-82.222238, 37.85643]"
plant_8,customer_177,188.21,"[-98.333462, 33.334719]"
plant_8,customer_178,981.42,"[-86.492109, 36.919549]"
plant_8,customer_179,953.16,"[-86.2689, 32.778382]"
plant_8,customer_180,805.8,"[-88.955489, 36.180572]"
plant_8,customer_183,91.04,"[-101.556273, 33.621196]"
plant_8,customer_185,429.86,"[-94.201025, 32.425089]"
plant_8,customer_191,285.53,"[-97.050624, 32.339706]"
plant_8,customer_193,827.81,"[-87.850058, 32.914681]"
plant_8,customer_194,841.46,"[-88.478646, 36.248479]"
plant_8,customer_195,1378.79,"[-79.467811, 40.371319]"
plant_8,customer_196,819.44,"[-88.931807, 36.035077]"
plant_8,customer_202,118.2,"[-99.164474, 34.392414]"
plant_8,customer_206,345.64,"[-95.552292, 32.872611]"
plant_8,customer_207,603.84,"[-91.562084, 32.825533]"
plant_8,customer_211,192.11,"[-101.658174, 32.624494]"
plant_8,customer_216,1334.5,"[-80.622259, 40.646771]"
plant_8,customer_217,123.48,"[-99.905346, 32.622764]"
plant_8,customer_218,655.26,"[-90.235788, 33.466932]"
plant_8,customer_220,209.45,"[-103.506459, 33.512406]"
plant_8,customer_221,755.3,"[-89.19509, 32.136275]"
plant_8,customer_223,697.27,"[-90.262907, 32.765704]"
plant_8,customer_227,773.05,"[-89.766549, 34.070688]"
plant_8,customer_231,1510.55,"[-78.252587, 39.035022]"
plant_8,customer_235,230.06,"[-97.523495, 32.917792]"
plant_8,customer_241,597.96,"[-91.797593, 32.182866]"
plant_8,customer_246,815.9,"[-88.609779, 33.324347]"
plant_8,customer_247,1358.72,"[-79.714641, 40.14654]"
plant_8,customer_248,412.03,"[-94.719732, 32.824375]"
plant_9,customer_1,547.15,"[-97.400281, 33.119504]"
plant_9,customer_2,956.78,"[-104.146281, 34.045009]"
plant_9,customer_4,286.44,"[-86.024723, 33.64755]"
plant_9,customer_5,1008.42,"[-104.642711, 32.647087]"
plant_9,customer_10,650.92,"[-81.36037, 36.622746]"
plant_9,customer_14,605.02,"[-98.399894, 33.51573]"
plant_9,customer_15,927.94,"[-77.695401, 38.979039]"
plant_9,customer_21,359.03,"[-94.272464, 33.879494]"
plant_9,customer_24,813.64,"[-85.393407, 43.555699]"
plant_9,customer_26,196.93,"[-88.470236, 35.887553]"
plant_9,customer_27,348.85,"[-85.306892, 34.05084]"
plant_9,customer_28,472.84,"[-84.385289, 36.603522]"
plant_9,customer_31,101.03,"[-91.070835, 33.294127]"
plant_9,customer_33,156.12,"[-89.146373, 35.576094]"
plant_9,customer_42,622.37,"[-98.985873, 34.036948]"
plant_9,customer_44,147.87,"[-88.339312, 34.56966]"
plant_9,customer_45,341.29,"[-85.3432, 34.674826]"
plant_9,customer_49,276.39,"[-86.15226, 34.385553]"
plant_9,customer_51,885.6,"[-79.380349, 40.028771]"
plant_9,customer_52,863.27,"[-79.875215, 40.158978]"
plant_9,customer_55,500.29,"[-83.641023, 35.814402]"
plant_9,customer_61,299.28,"[-93.824881, 34.072716]"
plant_9,customer_65,897.72,"[-102.589507, 33.911307]"
plant_9,customer_67,754.77,"[-100.85088, 32.629017]"
plant_9,customer_68,185.16,"[-88.004147, 33.014059]"
plant_9,customer_71,274.2,"[-93.38638, 34.016592]"
plant_9,customer_74,226.15,"[-89.813252, 36.701256]"
plant_9,customer_78,786.17,"[-101.13903, 34.352121]"
plant_9,customer_80,319.11,"[-94.282043, 34.307716]"
plant_9,customer_82,146.93,"[-91.48747, 32.820359]"
plant_9,customer_86,371.92,"[-84.966037, 34.754311]"
plant_9,customer_87,192.65,"[-87.481247, 34.346046]"
plant_9,customer_88,470.59,"[-96.375459, 33.061658]"
plant_9,customer_90,301.9,"[-87.599853, 36.929183]"
plant_9,customer_92,276.82,"[-88.057566, 36.699237]"
plant_9,customer_97,316.43,"[-94.150853, 34.162888]"
plant_9,customer_100,200.05,"[-88.143854, 32.701764]"
plant_9,customer_101,354.45,"[-85.26517, 34.427289]"
plant_9,customer_103,500.04,"[-83.637411, 36.183039]"
plant_9,customer_106,957.88,"[-88.965577, 45.709573]"
plant_9,customer_107,629.7,"[-81.644252, 36.618928]"
plant_9,customer_108,641.72,"[-82.728105, 37.998574]"
plant_9,customer_111,232.48,"[-92.679021, 34.281537]"
plant_9,customer_117,211.29,"[-89.209225, 36.494944]"
plant_9,customer_124,245.05,"[-93.073687, 32.774364]"
plant_9,customer_127,747.02,"[-80.419321, 37.7234]"
plant_9,customer_128,676.65,"[-81.066481, 37.150221]"
plant_9,customer_135,849.13,"[-83.2732, 42.551081]"
plant_9,customer_139,279.67,"[-93.023093, 32.203119]"
plant_9,customer_142,599.4,"[-82.429427, 35.618511]"
plant_9,customer_144,32.51,"[-89.755509, 33.914063]"
plant_9,customer_146,251.84,"[-93.274745, 33.41125]"
plant_9,customer_147,262.68,"[-92.446974, 32.058432]"
plant_9,customer_148,857.45,"[-102.498932, 32.405262]"
plant_9,customer_149,254.86,"[-93.264086, 33.107796]"
plant_9,customer_150,160.63,"[-90.988379, 35.527373]"
plant_9,customer_151,200.86,"[-89.747728, 36.481716]"
plant_9,customer_154,769.99,"[-100.989135, 32.789566]"
plant_9,customer_159,321.2,"[-93.967264, 35.63687]"
plant_9,customer_161,311.63,"[-94.192765, 34.322428]"
plant_9,customer_162,109.22,"[-88.894124, 33.520435]"
plant_9,customer_164,316.0,"[-85.719681, 33.88894]"
plant_9,customer_166,934.66,"[-77.623197, 39.343855]"
plant_9,customer_169,214.5,"[-87.025061, 34.36266]"
plant_9,customer_172,231.36,"[-87.28252, 35.039849]"
plant_9,customer_173,905.1,"[-102.731391, 33.068569]"
plant_9,customer_176,654.13,"[-82.222238, 37.85643]"
plant_9,customer_177,591.52,"[-98.333462, 33.334719]"
plant_9,customer_178,358.46,"[-86.492109, 36.919549]"
plant_9,customer_179,312.13,"[-86.2689, 32.778382]"
plant_9,customer_180,209.88,"[-88.955489, 36.180572]"
plant_9,customer_183,781.17,"[-101.556273, 33.621196]"
plant_9,customer_185,340.66,"[-94.201025, 32.425089]"
plant_9,customer_191,538.41,"[-97.050624, 32.339706]"
plant_9,customer_193,199.89,"[-87.850058, 32.914681]"
plant_9,customer_194,218.5,"[-88.478646, 36.248479]"
plant_9,customer_195,903.02,"[-79.467811, 40.371319]"
plant_9,customer_196,196.48,"[-88.931807, 36.035077]"
plant_9,customer_202,649.9,"[-99.164474, 34.392414]"
plant_9,customer_206,438.29,"[-95.552292, 32.872611]"
plant_9,customer_207,152.12,"[-91.562084, 32.825533]"
plant_9,customer_211,822.07,"[-101.658174, 32.624494]"
plant_9,customer_216,848.31,"[-80.622259, 40.646771]"
plant_9,customer_217,696.59,"[-99.905346, 32.622764]"
plant_9,customer_218,60.32,"[-90.235788, 33.466932]"
plant_9,customer_220,945.14,"[-103.506459, 33.512406]"
plant_9,customer_221,168.13,"[-89.19509, 32.136275]"
plant_9,customer_223,118.27,"[-90.262907, 32.765704]"
plant_9,customer_227,20.79,"[-89.766549, 34.070688]"
plant_9,customer_231,887.59,"[-78.252587, 39.035022]"
plant_9,customer_235,556.74,"[-97.523495, 32.917792]"
plant_9,customer_241,261.56,"[-91.797593, 32.182866]"
plant_9,customer_246,136.28,"[-88.609779, 33.324347]"
plant_9,customer_247,883.41,"[-79.714641, 40.14654]"
plant_9,customer_248,389.93,"[-94.719732, 32.824375]"
plant_10,customer_1,994.55,"[-97.400281, 33.119504]"
plant_10,customer_2,1404.19,"[-104.146281, 34.045009]"
plant_10,customer_4,333.12,"[-86.024723, 33.64755]"
plant_10,customer_5,1455.83,"[-104.642711, 32.647087]"
plant_10,customer_10,82.54,"[-81.36037, 36.622746]"
plant_10,customer_14,1052.43,"[-98.399894, 33.51573]"
plant_10,customer_15,359.56,"[-77.695401, 38.979039]"
plant_10,customer_21,806.43,"[-94.272464, 33.879494]"
plant_10,customer_24,671.66,"[-85.393407, 43.555699]"
plant_10,customer_26,397.19,"[-88.470236, 35.887553]"
plant_10,customer_27,295.17,"[-85.306892, 34.05084]"
plant_10,customer_28,164.92,"[-84.385289, 36.603522]"
plant_10,customer_31,662.0,"[-91.070835, 33.294127]"
plant_10,customer_33,430.39,"[-89.146373, 35.576094]"
plant_10,customer_42,1069.77,"[-98.985873, 34.036948]"
plant_10,customer_44,434.72,"[-88.339312, 34.56966]"
plant_10,customer_45,238.58,"[-85.3432, 34.674826]"
plant_10,customer_49,305.01,"[-86.15226, 34.385553]"
plant_10,customer_51,376.33,"[-79.380349, 40.028771]"
plant_10,customer_52,376.89,"[-79.875215, 40.158978]"
plant_10,customer_55,102.09,"[-83.641023, 35.814402]"
plant_10,customer_61,746.69,"[-93.824881, 34.072716]"
plant_10,customer_65,1345.13,"[-102.589507, 33.911307]"
plant_10,customer_67,1202.18,"[-100.85088, 32.629017]"
plant_10,customer_68,449.97,"[-88.004147, 33.014059]"
plant_10,customer_71,721.6,"[-93.38638, 34.016592]"
plant_10,customer_74,502.79,"[-89.813252, 36.701256]"
plant_10,customer_78,1233.57,"[-101.13903, 34.352121]"
plant_10,customer_80,766.52,"[-94.282043, 34.307716]"
plant_10,customer_82,708.14,"[-91.48747, 32.820359]"
plant_10,customer_86,221.52,"[-84.966037, 34.754311]"
plant_10,customer_87,383.77,"[-87.481247, 34.346046]"
plant_10,customer_88,917.99,"[-96.375459, 33.061658]"
plant_10,customer_90,364.56,"[-87.599853, 36.929183]"
plant_10,customer_92,387.85,"[-88.057566, 36.699237]"
plant_10,customer_97,763.83,"[-94.150853, 34.162888]"
plant_10,customer_100,462.18,"[-88.143854, 32.701764]"
plant_10,customer_101,260.18,"[-85.26517, 34.427289]"
plant_10,customer_103,80.46,"[-83.637411, 36.183039]"
plant_10,customer_106,910.61,"[-88.965577, 45.709573]"
plant_10,customer_107,61.32,"[-81.644252, 36.618928]"
plant_10,customer_108,153.65,"[-82.728105, 37.998574]"
plant_10,customer_111,679.88,"[-92.679021, 34.281537]"
plant_10,customer_117,476.33,"[-89.209225, 36.494944]"
plant_10,customer_124,779.21,"[-93.073687, 32.774364]"
plant_10,customer_127,178.64,"[-80.419321, 37.7234]"
plant_10,customer_128,108.27,"[-81.066481, 37.150221]"
plant_10,customer_135,539.28,"[-83.2732, 42.551081]"
plant_10,customer_139,787.77,"[-93.023093, 32.203119]"
plant_10,customer_142,102.06,"[-82.429427, 35.618511]"
plant_10,customer_144,539.7,"[-89.755509, 33.914063]"
plant_10,customer_146,758.58,"[-93.274745, 33.41125]"
plant_10,customer_147,770.94,"[-92.446974, 32.058432]"
plant_10,customer_148,1304.85,"[-102.498932, 32.405262]"
plant_10,customer_149,785.12,"[-93.264086, 33.107796]"
plant_10,customer_150,568.37,"[-90.988379, 35.527373]"
plant_10,customer_151,505.71,"[-89.747728, 36.481716]"
plant_10,customer_154,1217.4,"[-100.989135, 32.789566]"
plant_10,customer_159,768.6,"[-93.967264, 35.63687]"
plant_10,customer_161,759.03,"[-94.192765, 34.322428]"
plant_10,customer_162,505.17,"[-88.894124, 33.520435]"
plant_10,customer_164,322.01,"[-85.719681, 33.88894]"
plant_10,customer_166,366.27,"[-77.623197, 39.343855]"
plant_10,customer_169,357.51,"[-87.025061, 34.36266]"
plant_10,customer_172,377.09,"[-87.28252, 35.039849]"
plant_10,customer_173,1352.51,"[-102.731391, 33.068569]"
plant_10,customer_176,147.07,"[-82.222238, 37.85643]"
plant_10,customer_177,1038.93,"[-98.333462, 33.334719]"
plant_10,customer_178,290.01,"[-86.492109, 36.919549]"
plant_10,customer_179,398.33,"[-86.2689, 32.778382]"
plant_10,customer_180,438.59,"[-88.955489, 36.180572]"
plant_10,customer_183,1228.57,"[-101.556273, 33.621196]"
plant_10,customer_185,857.22,"[-94.201025, 32.425089]"
plant_10,customer_191,985.82,"[-97.050624, 32.339706]"
plant_10,customer_193,440.09,"[-87.850058, 32.914681]"
plant_10,customer_194,421.5,"[-88.478646, 36.248479]"
plant_10,customer_195,393.76,"[-79.467811, 40.371319]"
plant_10,customer_196,441.38,"[-88.931807, 36.035077]"
plant_10,customer_202,1097.31,"[-99.164474, 34.392414]"
plant_10,customer_206,885.69,"[-95.552292, 32.872611]"
plant_10,customer_207,712.45,"[-91.562084, 32.825533]"
plant_10,customer_211,1269.47,"[-101.658174, 32.624494]"
plant_10,customer_216,431.99,"[-80.622259, 40.646771]"
plant_10,customer_217,1144.0,"[-99.905346, 32.622764]"
plant_10,customer_218,595.71,"[-90.235788, 33.466932]"
plant_10,customer_220,1392.54,"[-103.506459, 33.512406]"
plant_10,customer_221,551.98,"[-89.19509, 32.136275]"
plant_10,customer_223,643.2,"[-90.262907, 32.765704]"
plant_10,customer_227,582.52,"[-89.766549, 34.070688]"
plant_10,customer_231,319.21,"[-78.252587, 39.035022]"
plant_10,customer_235,1004.15,"[-97.523495, 32.917792]"
plant_10,customer_241,715.67,"[-91.797593, 32.182866]"
plant_10,customer_246,487.43,"[-88.609779, 33.324347]"
plant_10,customer_247,374.14,"[-79.714641, 40.14654]"
plant_10,customer_248,837.33,"[-94.719732, 32.824375]"
